[{"model": "schedule_editor.subject", "pk": 1, "fields": {"name": "\u0410\u0434\u043c\u0438\u043d\u0438\u0441\u0442\u0440\u0438\u0440\u043e\u0432\u0430\u043d\u0438\u0435 \u041e\u0421 Linux", "semester": 2, "lecture_hours": 0, "lab_work_hours": 0, "practice_hours": 0, "student_work_hours": 0, "control_hours": 0, "total_hours": 0}}, {"model": "schedule_editor.subject", "pk": 2, "fields": {"name": "\u0410\u0432\u0442\u043e\u043c\u0430\u0442\u0438\u0437\u0430\u0446\u0438\u044f \u0431\u0443\u0445\u0433\u0430\u043b\u0442\u0435\u0440\u0441\u043a\u043e\u0439 \u0434\u0435\u044f\u0442\u0435\u043b\u044c\u043d\u043e\u0441\u0442\u0438", "semester": 2, "lecture_hours": 0, "lab_work_hours": 0, "practice_hours": 0, "student_work_hours": 0, "control_hours": 0, "total_hours": 0}}, {"model": "schedule_editor.subject", "pk": 4, "fields": {"name": "\u041e\u0440\u0433\u0430\u043d\u0438\u0437\u0430\u0446\u0438\u044f \u0432\u044b\u0447\u0438\u0441\u043b\u0438\u0442\u0435\u043b\u044c\u043d\u044b\u0445 \u0441\u0438\u0441\u0442\u0435\u043c", "semester": 9, "lecture_hours": 18, "lab_work_hours": 18, "practice_hours": 18, "student_work_hours": 49, "control_hours": 5, "total_hours": 0}}, {"model": "schedule_editor.subject", "pk": 5, "fields": {"name": "\u041f\u0440\u043e\u0433\u0440\u0430\u043c\u043c\u0438\u0440\u043e\u0432\u0430\u043d\u0438\u0435", "semester": 9, "lecture_hours": 0, "lab_work_hours": 0, "practice_hours": 0, "student_work_hours": 0, "control_hours": 0, "total_hours": 0}}, {"model": "schedule_editor.subject", "pk": 6, "fields": {"name": "\u0418\u043d\u043e\u0441\u0442\u0440\u0430\u043d\u043d\u044b\u0439 \u044f\u0437\u044b\u043a", "semester": 9, "lecture_hours": 0, "lab_work_hours": 0, "practice_hours": 0, "student_work_hours": 0, "control_hours": 0, "total_hours": 0}}, {"model": "schedule_editor.subject", "pk": 7, "fields": {"name": "\u041c\u0430\u0442\u0435\u043c\u0430\u0442\u0438\u043a\u0430", "semester": 9, "lecture_hours": 0, "lab_work_hours": 0, "practice_hours": 0, "student_work_hours": 0, "control_hours": 0, "total_hours": 0}}, {"model": "schedule_editor.subject", "pk": 8, "fields": {"name": "\u041e\u0441\u043d\u043e\u0432\u044b \u043f\u0440\u0430\u0432\u0430", "semester": 9, "lecture_hours": 0, "lab_work_hours": 0, "practice_hours": 0, "student_work_hours": 0, "control_hours": 0, "total_hours": 0}}, {"model": "schedule_editor.subject", "pk": 9, "fields": {"name": "\u0421\u043e\u0446\u0438\u043e\u043b\u043e\u0433\u0438\u044f", "semester": 9, "lecture_hours": 0, "lab_work_hours": 0, "practice_hours": 0, "student_work_hours": 0, "control_hours": 0, "total_hours": 0}}, {"model": "schedule_editor.subject", "pk": 10, "fields": {"name": "\u0424\u0438\u0437\u0438\u0447\u0435\u0441\u043a\u0430\u044f \u043a\u0443\u043b\u044c\u0442\u0443\u0440\u0430", "semester": 9, "lecture_hours": 0, "lab_work_hours": 0, "practice_hours": 0, "student_work_hours": 0, "control_hours": 0, "total_hours": 0}}, {"model": "schedule_editor.subject", "pk": 11, "fields": {"name": "\u0414\u0438\u0441\u043a\u0440\u0435\u0442\u043d\u0430\u044f \u043c\u0430\u0442\u0435\u043c\u0430\u0442\u0438\u043a\u0430", "semester": 9, "lecture_hours": 0, "lab_work_hours": 0, "practice_hours": 0, "student_work_hours": 0, "control_hours": 0, "total_hours": 0}}, {"model": "schedule_editor.subject", "pk": 12, "fields": {"name": "\u0424\u0438\u0437\u0438\u043a\u0430", "semester": 9, "lecture_hours": 0, "lab_work_hours": 0, "practice_hours": 0, "student_work_hours": 0, "control_hours": 0, "total_hours": 0}}, {"model": "schedule_editor.subject", "pk": 13, "fields": {"name": "\u0420\u0443\u0441\u0441\u043a\u0438\u0439 \u044f\u0437\u044b\u043a \u0438 \u043a\u0443\u043b\u044c\u0442\u0443\u0440\u0430 \u0440\u0435\u0447\u0438", "semester": 9, "lecture_hours": 0, "lab_work_hours": 0, "practice_hours": 0, "student_work_hours": 0, "control_hours": 0, "total_hours": 0}}, {"model": "schedule_editor.subject", "pk": 14, "fields": {"name": "\u041c\u0430\u0442\u0435\u043c\u0430\u0442\u0438\u0447\u0435\u0441\u043a\u0438\u0439 \u0430\u043d\u0430\u043b\u0438\u0437", "semester": 10, "lecture_hours": 0, "lab_work_hours": 0, "practice_hours": 0, "student_work_hours": 0, "control_hours": 0, "total_hours": 0}}, {"model": "schedule_editor.subject", "pk": 15, "fields": {"name": "\u0418\u043d\u043e\u0441\u0442\u0440\u0430\u043d\u043d\u044b\u0439 \u044f\u0437\u044b\u043a", "semester": 10, "lecture_hours": 0, "lab_work_hours": 0, "practice_hours": 0, "student_work_hours": 0, "control_hours": 0, "total_hours": 0}}, {"model": "schedule_editor.subject", "pk": 16, "fields": {"name": "\u0421\u043e\u0446\u0438\u043e\u043b\u043e\u0433\u0438\u044f", "semester": 10, "lecture_hours": 0, "lab_work_hours": 0, "practice_hours": 0, "student_work_hours": 0, "control_hours": 0, "total_hours": 0}}, {"model": "schedule_editor.subject", "pk": 17, "fields": {"name": "\u0410\u043b\u0433\u0435\u0431\u0440\u0430 \u0438 \u0433\u0435\u043e\u043c\u0435\u0442\u0440\u0438\u044f", "semester": 10, "lecture_hours": 0, "lab_work_hours": 0, "practice_hours": 0, "student_work_hours": 0, "control_hours": 0, "total_hours": 0}}, {"model": "schedule_editor.subject", "pk": 18, "fields": {"name": "\u0414\u0438\u0441\u043a\u0440\u0435\u0442\u043d\u0430\u044f \u043c\u0430\u0442\u0435\u043c\u0430\u0442\u0438\u043a\u0430", "semester": 10, "lecture_hours": 0, "lab_work_hours": 0, "practice_hours": 0, "student_work_hours": 0, "control_hours": 0, "total_hours": 0}}, {"model": "schedule_editor.subject", "pk": 19, "fields": {"name": "\u0424\u0438\u0437\u0438\u0447\u0435\u0441\u043a\u0430\u044f \u043a\u0443\u043b\u044c\u0442\u0443\u0440\u0430", "semester": 10, "lecture_hours": 0, "lab_work_hours": 0, "practice_hours": 0, "student_work_hours": 0, "control_hours": 0, "total_hours": 0}}, {"model": "schedule_editor.subject", "pk": 20, "fields": {"name": "\u041a\u043e\u043c\u043f\u044c\u044e\u0442\u0435\u0440\u043d\u0430\u044f \u0433\u0440\u0430\u0444\u0438\u043a\u0430", "semester": 10, "lecture_hours": 0, "lab_work_hours": 0, "practice_hours": 0, "student_work_hours": 0, "control_hours": 0, "total_hours": 0}}, {"model": "schedule_editor.subject", "pk": 21, "fields": {"name": "\u041e\u0441\u043d\u043e\u0432\u044b \u043f\u0440\u043e\u0433\u0440\u0430\u043c\u043c\u0438\u0440\u043e\u0432\u0430\u043d\u0438\u044f", "semester": 10, "lecture_hours": 0, "lab_work_hours": 0, "practice_hours": 0, "student_work_hours": 0, "control_hours": 0, "total_hours": 0}}, {"model": "schedule_editor.subject", "pk": 22, "fields": {"name": "\u041e\u0441\u043d\u043e\u0432\u044b \u043f\u0440\u0430\u0432\u0430", "semester": 10, "lecture_hours": 0, "lab_work_hours": 0, "practice_hours": 0, "student_work_hours": 0, "control_hours": 0, "total_hours": 0}}, {"model": "schedule_editor.subject", "pk": 23, "fields": {"name": "\u0420\u0443\u0441\u0441\u043a\u0438\u0439 \u044f\u0437\u044b\u043a \u0438 \u043a\u0443\u043b\u044c\u0442\u0443\u0440\u0430 \u0440\u0435\u0447\u0438", "semester": 10, "lecture_hours": 0, "lab_work_hours": 0, "practice_hours": 0, "student_work_hours": 0, "control_hours": 0, "total_hours": 0}}, {"model": "schedule_editor.subject", "pk": 24, "fields": {"name": "\u041e\u043f\u0435\u0440\u0430\u0446\u0438\u043e\u043d\u043d\u044b\u0435 \u0441\u0438\u0441\u0442\u0435\u043c\u044b", "semester": 7, "lecture_hours": 0, "lab_work_hours": 0, "practice_hours": 0, "student_work_hours": 0, "control_hours": 0, "total_hours": 0}}, {"model": "schedule_editor.subject", "pk": 25, "fields": {"name": "\u042d\u043a\u043e\u043d\u043e\u043c\u0438\u043a\u0430", "semester": 7, "lecture_hours": 0, "lab_work_hours": 0, "practice_hours": 0, "student_work_hours": 0, "control_hours": 0, "total_hours": 0}}, {"model": "schedule_editor.subject", "pk": 26, "fields": {"name": "\u0418\u043d\u043e\u0441\u0442\u0440\u0430\u043d\u043d\u044b\u0439 \u044f\u0437\u044b\u043a", "semester": 7, "lecture_hours": 0, "lab_work_hours": 0, "practice_hours": 0, "student_work_hours": 0, "control_hours": 0, "total_hours": 0}}, {"model": "schedule_editor.subject", "pk": 27, "fields": {"name": "\u0411\u0430\u0437\u044b \u0434\u0430\u043d\u043d\u044b\u0445", "semester": 7, "lecture_hours": 0, "lab_work_hours": 0, "practice_hours": 0, "student_work_hours": 0, "control_hours": 0, "total_hours": 0}}, {"model": "schedule_editor.subject", "pk": 28, "fields": {"name": "\u0424\u0438\u0437\u0438\u0447\u0435\u0441\u043a\u0430\u044f \u043a\u0443\u043b\u044c\u0442\u0443\u0440\u0430 \u0438 \u0441\u043f\u043e\u0440\u0442", "semester": 7, "lecture_hours": 0, "lab_work_hours": 0, "practice_hours": 0, "student_work_hours": 0, "control_hours": 0, "total_hours": 0}}, {"model": "schedule_editor.subject", "pk": 29, "fields": {"name": "\u0414\u0438\u0444\u0444\u0435\u0440\u0435\u043d\u0446\u0438\u0430\u043b\u044c\u043d\u044b\u0435 \u0438 \u0440\u0430\u0437\u043d\u043e\u0441\u0442\u043d\u044b\u0435 \u0443\u0440\u0430\u0432\u043d\u0435\u043d\u0438\u044f", "semester": 7, "lecture_hours": 0, "lab_work_hours": 0, "practice_hours": 0, "student_work_hours": 0, "control_hours": 0, "total_hours": 0}}, {"model": "schedule_editor.subject", "pk": 30, "fields": {"name": "\u041f\u0440\u043e\u0433\u0440\u0430\u043c\u043c\u0438\u0440\u043e\u0432\u0430\u043d\u0438\u0435 .NET", "semester": 7, "lecture_hours": 0, "lab_work_hours": 0, "practice_hours": 0, "student_work_hours": 0, "control_hours": 0, "total_hours": 0}}, {"model": "schedule_editor.subject", "pk": 31, "fields": {"name": "\u0421\u0442\u0440\u0443\u043a\u0442\u0443\u0440\u044b \u0438 \u0430\u043b\u0433\u043e\u0440\u0438\u0442\u043c\u044b \u043e\u0431\u0440\u0430\u0431\u043e\u0442\u043a\u0438 \u0434\u0430\u043d\u043d\u044b\u0445", "semester": 7, "lecture_hours": 0, "lab_work_hours": 0, "practice_hours": 0, "student_work_hours": 0, "control_hours": 0, "total_hours": 0}}, {"model": "schedule_editor.subject", "pk": 32, "fields": {"name": "\u0422\u0435\u043e\u0440\u0438\u044f \u0430\u0432\u0442\u043e\u043c\u0430\u0442\u043e\u0432 \u0438 \u0444\u043e\u0440\u043c\u0430\u043b\u044c\u043d\u044b\u0445 \u044f\u0437\u044b\u043a\u043e\u0432", "semester": 7, "lecture_hours": 0, "lab_work_hours": 0, "practice_hours": 0, "student_work_hours": 0, "control_hours": 0, "total_hours": 0}}, {"model": "schedule_editor.subject", "pk": 33, "fields": {"name": "\u042d\u043a\u043e\u043d\u043e\u043c\u0438\u043a\u0430", "semester": 8, "lecture_hours": 0, "lab_work_hours": 0, "practice_hours": 0, "student_work_hours": 0, "control_hours": 0, "total_hours": 0}}, {"model": "schedule_editor.subject", "pk": 34, "fields": {"name": "\u041e\u0440\u0433\u0430\u043d\u0438\u0437\u0430\u0446\u0438\u044f \u0432\u044b\u0447\u0438\u0441\u043b\u0438\u0442\u0435\u043b\u044c\u043d\u044b\u0445 \u0441\u0438\u0441\u0442\u0435\u043c", "semester": 8, "lecture_hours": 0, "lab_work_hours": 0, "practice_hours": 0, "student_work_hours": 0, "control_hours": 0, "total_hours": 0}}, {"model": "schedule_editor.subject", "pk": 35, "fields": {"name": "\u0420\u0430\u0437\u0440\u0430\u0431\u043e\u0442\u043a\u0430 \u043f\u0440\u043e\u0433\u0440\u0430\u043c\u043c \u0447\u0438\u0441\u043b\u0435\u043d\u043d\u043e\u0439 \u0440\u0435\u0430\u043b\u0438\u0437\u0430\u0446\u0438\u0438 \u043c\u0430\u0442\u0435\u043c\u0430\u0442\u0438\u0447\u0435\u0441\u043a\u0438\u0445 \u043c\u043e\u0434\u0435\u043b\u0435\u0439", "semester": 6, "lecture_hours": 0, "lab_work_hours": 0, "practice_hours": 0, "student_work_hours": 0, "control_hours": 0, "total_hours": 0}}, {"model": "schedule_editor.subject", "pk": 36, "fields": {"name": "\u0418\u043d\u043e\u0441\u0442\u0440\u0430\u043d\u043d\u044b\u0439 \u044f\u0437\u044b\u043a", "semester": 8, "lecture_hours": 0, "lab_work_hours": 0, "practice_hours": 0, "student_work_hours": 0, "control_hours": 0, "total_hours": 0}}, {"model": "schedule_editor.subject", "pk": 37, "fields": {"name": "\u0414\u0438\u0444\u0444\u0435\u0440\u0435\u043d\u0446\u0438\u0430\u043b\u044c\u043d\u044b\u0435 \u0438 \u0440\u0430\u0437\u043d\u043e\u0441\u0442\u043d\u044b\u0435 \u0443\u0440\u0430\u0432\u043d\u0435\u043d\u0438\u044f", "semester": 8, "lecture_hours": 0, "lab_work_hours": 0, "practice_hours": 0, "student_work_hours": 0, "control_hours": 0, "total_hours": 0}}, {"model": "schedule_editor.subject", "pk": 38, "fields": {"name": "\u0422\u0435\u0441\u0442\u0438\u0440\u043e\u0432\u0430\u043d\u0438\u0435 \u0438 \u0432\u0435\u0440\u0438\u0444\u0438\u043a\u0430\u0446\u0438\u044f \u041f\u041e", "semester": 8, "lecture_hours": 0, "lab_work_hours": 0, "practice_hours": 0, "student_work_hours": 0, "control_hours": 0, "total_hours": 0}}, {"model": "schedule_editor.subject", "pk": 39, "fields": {"name": "\u0424\u0438\u0437\u0438\u0447\u0435\u0441\u043a\u0430\u044f \u043a\u0443\u043b\u044c\u0442\u0443\u0440\u0430 \u0438 \u0441\u043f\u043e\u0440\u0442", "semester": 8, "lecture_hours": 0, "lab_work_hours": 0, "practice_hours": 0, "student_work_hours": 0, "control_hours": 0, "total_hours": 0}}, {"model": "schedule_editor.subject", "pk": 40, "fields": {"name": "\u041e\u0431\u044a\u0435\u043a\u0442\u043d\u043e-\u043e\u0440\u0438\u0435\u043d\u0442\u0438\u0440\u043e\u0432\u0430\u043d\u043d\u043e\u0435 \u043f\u0440\u043e\u0433\u0440\u0430\u043c\u043c\u0438\u0440\u043e\u0432\u0430\u043d\u0438\u0435", "semester": 8, "lecture_hours": 0, "lab_work_hours": 0, "practice_hours": 0, "student_work_hours": 0, "control_hours": 0, "total_hours": 0}}, {"model": "schedule_editor.subject", "pk": 41, "fields": {"name": "\u0422\u0435\u043e\u0440\u0438\u044f \u0430\u0432\u0442\u043e\u043c\u0430\u0442\u043e\u0432 \u0438 \u0444\u043e\u0440\u043c\u0430\u043b\u044c\u043d\u044b\u0445 \u044f\u0437\u044b\u043a\u043e\u0432", "semester": 8, "lecture_hours": 0, "lab_work_hours": 0, "practice_hours": 0, "student_work_hours": 0, "control_hours": 0, "total_hours": 0}}, {"model": "schedule_editor.subject", "pk": 42, "fields": {"name": "\u0412\u0435\u0431-\u043f\u0440\u043e\u0433\u0440\u0430\u043c\u043c\u0438\u0440\u043e\u0432\u0430\u043d\u0438\u0435", "semester": 8, "lecture_hours": 0, "lab_work_hours": 0, "practice_hours": 0, "student_work_hours": 0, "control_hours": 0, "total_hours": 0}}, {"model": "schedule_editor.subject", "pk": 43, "fields": {"name": "\u041c\u0430\u0442\u0435\u043c\u0430\u0442\u0438\u0447\u0435\u0441\u043a\u0438\u0439 \u0430\u043d\u0430\u043b\u0438\u0437", "semester": 8, "lecture_hours": 0, "lab_work_hours": 0, "practice_hours": 0, "student_work_hours": 0, "control_hours": 0, "total_hours": 0}}, {"model": "schedule_editor.subject", "pk": 44, "fields": {"name": "\u041f\u0430\u043a\u0435\u0442\u044b \u043f\u0440\u0438\u043a\u043b\u0430\u0434\u043d\u044b\u0445 \u043f\u0440\u043e\u0433\u0440\u0430\u043c\u043c", "semester": 3, "lecture_hours": 0, "lab_work_hours": 0, "practice_hours": 0, "student_work_hours": 0, "control_hours": 0, "total_hours": 0}}, {"model": "schedule_editor.subject", "pk": 45, "fields": {"name": "\u0418\u043d\u0444\u043e\u0440\u043c\u0430\u0446\u0438\u043e\u043d\u043d\u044b\u0435 \u0441\u0438\u0441\u0442\u0435\u043c\u044b \u0438 \u0431\u0430\u043d\u043a\u0438 \u0434\u0430\u043d\u043d\u044b\u0445", "semester": 3, "lecture_hours": 0, "lab_work_hours": 0, "practice_hours": 0, "student_work_hours": 0, "control_hours": 0, "total_hours": 0}}, {"model": "schedule_editor.subject", "pk": 46, "fields": {"name": "\u041f\u0440\u043e\u0433\u0440\u0430\u043c\u043c\u043d\u0430\u044f \u0438\u043d\u0436\u0435\u043d\u0435\u0440\u0438\u044f", "semester": 3, "lecture_hours": 0, "lab_work_hours": 0, "practice_hours": 0, "student_work_hours": 0, "control_hours": 0, "total_hours": 0}}, {"model": "schedule_editor.subject", "pk": 47, "fields": {"name": "\u0424\u0443\u043d\u043a\u0446\u0438\u043e\u043d\u0430\u043b\u044c\u043d\u043e\u0435 \u0438 \u043b\u043e\u0433\u0438\u0447\u0435\u0441\u043a\u043e\u0435 \u043f\u0440\u043e\u0433\u0440\u0430\u043c\u043c\u0438\u0440\u043e\u0432\u0430\u043d\u0438\u0435", "semester": 3, "lecture_hours": 0, "lab_work_hours": 0, "practice_hours": 0, "student_work_hours": 0, "control_hours": 0, "total_hours": 0}}, {"model": "schedule_editor.subject", "pk": 48, "fields": {"name": "\u0424\u0438\u0437\u0438\u0447\u0435\u0441\u043a\u0430\u044f \u043a\u0443\u043b\u044c\u0442\u0443\u0440\u0430 \u0438 \u0441\u043f\u043e\u0440\u0442", "semester": 3, "lecture_hours": 0, "lab_work_hours": 0, "practice_hours": 0, "student_work_hours": 0, "control_hours": 0, "total_hours": 0}}, {"model": "schedule_editor.subject", "pk": 49, "fields": {"name": "\u0412\u044b\u0447\u0438\u0441\u043b\u0438\u0442\u0435\u043b\u044c\u043d\u0430\u044f \u043c\u0430\u0442\u0435\u043c\u0430\u0442\u0438\u043a\u0430", "semester": 3, "lecture_hours": 0, "lab_work_hours": 0, "practice_hours": 0, "student_work_hours": 0, "control_hours": 0, "total_hours": 0}}, {"model": "schedule_editor.subject", "pk": 50, "fields": {"name": "\u0410\u043b\u0433\u043e\u0440\u0438\u0442\u043c\u044b \u0438 \u043f\u0440\u043e\u0442\u043e\u043a\u043e\u043b\u044b \u043a\u043e\u043c\u043f\u044c\u044e\u0442\u0435\u0440\u043d\u044b\u0445 \u0441\u0435\u0442\u0435\u0439", "semester": 3, "lecture_hours": 0, "lab_work_hours": 0, "practice_hours": 0, "student_work_hours": 0, "control_hours": 0, "total_hours": 0}}, {"model": "schedule_editor.subject", "pk": 51, "fields": {"name": "\u041c\u0430\u0442\u0435\u043c\u0430\u0442\u0438\u0447\u0435\u0441\u043a\u043e\u0435 \u043c\u043e\u0434\u0435\u043b\u0438\u0440\u043e\u0432\u0430\u043d\u0438\u0435", "semester": 3, "lecture_hours": 0, "lab_work_hours": 0, "practice_hours": 0, "student_work_hours": 0, "control_hours": 0, "total_hours": 0}}, {"model": "schedule_editor.subject", "pk": 52, "fields": {"name": "\u042d\u043b\u0435\u043a\u0442\u0440\u043e\u0442\u0435\u0445\u043d\u0438\u043a\u0430 \u0438 \u044d\u043b\u0435\u043a\u0442\u0440\u043e\u043d\u0438\u043a\u0430", "semester": 3, "lecture_hours": 0, "lab_work_hours": 0, "practice_hours": 0, "student_work_hours": 0, "control_hours": 0, "total_hours": 0}}, {"model": "schedule_editor.subject", "pk": 53, "fields": {"name": "\u041a\u043e\u043c\u043f\u044c\u044e\u0442\u0435\u0440\u043d\u0430\u044f \u0433\u0435\u043e\u043c\u0435\u0442\u0440\u0438\u044f \u0438 3-d \u043c\u043e\u0434\u0435\u043b\u0438\u0440\u043e\u0432\u0430\u043d\u0438\u0435", "semester": 3, "lecture_hours": 0, "lab_work_hours": 0, "practice_hours": 0, "student_work_hours": 0, "control_hours": 0, "total_hours": 0}}, {"model": "schedule_editor.subject", "pk": 54, "fields": {"name": "\u0410\u0432\u0442\u043e\u043c\u0430\u0442\u0438\u0437\u0430\u0446\u0438\u044f \u0431\u0443\u0445\u0433\u0430\u043b\u0442\u0435\u0440\u0441\u043a\u043e\u0439 \u0434\u0435\u044f\u0442\u0435\u043b\u044c\u043d\u043e\u0441\u0442\u0438", "semester": 3, "lecture_hours": 0, "lab_work_hours": 0, "practice_hours": 0, "student_work_hours": 0, "control_hours": 0, "total_hours": 0}}, {"model": "schedule_editor.subject", "pk": 55, "fields": {"name": "\u0417\u0430\u0449\u0438\u0442\u0430 \u0438\u043d\u0444\u043e\u0440\u043c\u0430\u0446\u0438\u0438", "semester": 3, "lecture_hours": 0, "lab_work_hours": 0, "practice_hours": 0, "student_work_hours": 0, "control_hours": 0, "total_hours": 0}}, {"model": "schedule_editor.subject", "pk": 56, "fields": {"name": "Web-\u043f\u0440\u043e\u0433\u0440\u0430\u043c\u043c\u0438\u0440\u043e\u0432\u0430\u043d\u0438\u0435", "semester": 3, "lecture_hours": 0, "lab_work_hours": 0, "practice_hours": 0, "student_work_hours": 0, "control_hours": 0, "total_hours": 0}}, {"model": "schedule_editor.subject", "pk": 57, "fields": {"name": "\u0418\u043d\u043e\u0441\u0442\u0440\u0430\u043d\u043d\u044b\u0439 \u044f\u0437\u044b\u043a \u0432 \u043f\u0440\u043e\u0444\u0435\u0441\u0441\u0438\u043e\u043d\u0430\u043b\u044c\u043d\u043e\u0439 \u043a\u043e\u043c\u043c\u0443\u043d\u0438\u043a\u0430\u0446\u0438\u0438", "semester": 4, "lecture_hours": 0, "lab_work_hours": 0, "practice_hours": 0, "student_work_hours": 0, "control_hours": 0, "total_hours": 0}}, {"model": "schedule_editor.subject", "pk": 59, "fields": {"name": "\u0424\u0438\u0437\u0438\u043a\u0430", "semester": 4, "lecture_hours": 0, "lab_work_hours": 0, "practice_hours": 0, "student_work_hours": 0, "control_hours": 0, "total_hours": 0}}, {"model": "schedule_editor.subject", "pk": 60, "fields": {"name": "\u0418\u043d\u0444\u043e\u0440\u043c\u0430\u0446\u0438\u043e\u043d\u043d\u044b\u0435 \u0441\u0438\u0441\u0442\u0435\u043c\u044b \u0438 \u0431\u0430\u043d\u043a\u0438 \u0434\u0430\u043d\u043d\u044b\u0445", "semester": 4, "lecture_hours": 0, "lab_work_hours": 0, "practice_hours": 0, "student_work_hours": 0, "control_hours": 0, "total_hours": 0}}, {"model": "schedule_editor.subject", "pk": 61, "fields": {"name": "\u041a\u043e\u043c\u043f\u044c\u044e\u0442\u0435\u0440\u043d\u044b\u0435 \u0441\u0435\u0442\u0438", "semester": 4, "lecture_hours": 0, "lab_work_hours": 0, "practice_hours": 0, "student_work_hours": 0, "control_hours": 0, "total_hours": 0}}, {"model": "schedule_editor.subject", "pk": 62, "fields": {"name": "\u0424\u0438\u0437\u0438\u0447\u0435\u0441\u043a\u0430\u044f \u043a\u0443\u043b\u044c\u0442\u0443\u0440\u0430 \u0438 \u0441\u043f\u043e\u0440\u0442", "semester": 4, "lecture_hours": 0, "lab_work_hours": 0, "practice_hours": 0, "student_work_hours": 0, "control_hours": 0, "total_hours": 0}}, {"model": "schedule_editor.subject", "pk": 63, "fields": {"name": "\u0418\u043d\u0444\u043e\u0440\u043c\u0430\u0446\u0438\u043e\u043d\u043d\u044b\u0435 \u0442\u0435\u0445\u043d\u043e\u043b\u043e\u0433\u0438\u0438 \u0432 \u043d\u0430\u0443\u043a\u0435 \u0438 \u043e\u0431\u0440\u0430\u0437\u043e\u0432\u0430\u043d\u0438\u0438", "semester": 4, "lecture_hours": 0, "lab_work_hours": 0, "practice_hours": 0, "student_work_hours": 0, "control_hours": 0, "total_hours": 0}}, {"model": "schedule_editor.subject", "pk": 64, "fields": {"name": "\u041f\u0440\u043e\u0433\u0440\u0430\u043c\u043c\u043d\u0430\u044f \u0438\u043d\u0436\u0435\u043d\u0435\u0440\u0438\u044f", "semester": 4, "lecture_hours": 0, "lab_work_hours": 0, "practice_hours": 0, "student_work_hours": 0, "control_hours": 0, "total_hours": 0}}, {"model": "schedule_editor.subject", "pk": 65, "fields": {"name": "\u0412\u044b\u0447\u0438\u0441\u043b\u0438\u0442\u0435\u043b\u044c\u043d\u044b\u0435 \u043c\u0435\u0442\u043e\u0434\u044b", "semester": 4, "lecture_hours": 0, "lab_work_hours": 0, "practice_hours": 0, "student_work_hours": 0, "control_hours": 0, "total_hours": 0}}, {"model": "schedule_editor.subject", "pk": 66, "fields": {"name": "\u041e\u0441\u043d\u043e\u0432\u044b \u0431\u0435\u0437\u043e\u043f\u0430\u0441\u043d\u043e\u0441\u0442\u0438 \u0438\u043d\u0444\u043e\u0440\u043c\u0430\u0446\u0438\u043e\u043d\u043d\u044b\u0445 \u0442\u0435\u0445\u043d\u043e\u043b\u043e\u0433\u0438\u0439", "semester": 4, "lecture_hours": 0, "lab_work_hours": 0, "practice_hours": 0, "student_work_hours": 0, "control_hours": 0, "total_hours": 0}}, {"model": "schedule_editor.subject", "pk": 67, "fields": {"name": "\u041c\u0435\u0442\u043e\u0434\u044b \u0438 \u0441\u0440\u0435\u0434\u0441\u0442\u0432\u0430 \u0437\u0430\u0449\u0438\u0442\u044b \u043a\u043e\u043c\u043f\u044c\u044e\u0442\u0435\u0440\u043d\u043e\u0439 \u0438\u043d\u0444\u043e\u0440\u043c\u0430\u0446\u0438\u0438", "semester": 1, "lecture_hours": 0, "lab_work_hours": 0, "practice_hours": 0, "student_work_hours": 0, "control_hours": 0, "total_hours": 0}}, {"model": "schedule_editor.subject", "pk": 68, "fields": {"name": "\u041f\u0440\u043e\u0433\u0440\u0430\u043c\u043c\u0438\u0440\u043e\u0432\u0430\u043d\u0438\u0435 \u0432 \u043e\u0444\u0438\u0441\u043d\u044b\u0445 \u0441\u0438\u0441\u0442\u0435\u043c\u0430\u0445", "semester": 1, "lecture_hours": 0, "lab_work_hours": 0, "practice_hours": 0, "student_work_hours": 0, "control_hours": 0, "total_hours": 0}}, {"model": "schedule_editor.subject", "pk": 69, "fields": {"name": "\u0417\u0430\u0449\u0438\u0442\u0430 \u0438\u043d\u0444\u043e\u0440\u043c\u0430\u0446\u0438\u0438", "semester": 1, "lecture_hours": 0, "lab_work_hours": 0, "practice_hours": 0, "student_work_hours": 0, "control_hours": 0, "total_hours": 0}}, {"model": "schedule_editor.subject", "pk": 70, "fields": {"name": "\u041f\u0441\u0438\u0445\u043e\u043b\u043e\u0433\u0438\u044f", "semester": 1, "lecture_hours": 0, "lab_work_hours": 0, "practice_hours": 0, "student_work_hours": 0, "control_hours": 0, "total_hours": 0}}, {"model": "schedule_editor.subject", "pk": 71, "fields": {"name": "\u041e\u0440\u0433\u0430\u043d\u0438\u0437\u0430\u0446\u0438\u044f \u0432\u044b\u0447\u0438\u0441\u043b\u0438\u0442\u0435\u043b\u044c\u043d\u044b\u0445 \u0441\u0438\u0441\u0442\u0435\u043c", "semester": 1, "lecture_hours": 0, "lab_work_hours": 0, "practice_hours": 0, "student_work_hours": 0, "control_hours": 0, "total_hours": 0}}, {"model": "schedule_editor.subject", "pk": 72, "fields": {"name": "\u0421\u0443\u043f\u0435\u0440\u043a\u043e\u043c\u043f\u044c\u044e\u0442\u0435\u0440\u044b \u0438 \u0438\u0445 \u043f\u0440\u0438\u043c\u0435\u043d\u0435\u043d\u0438\u0435", "semester": 1, "lecture_hours": 0, "lab_work_hours": 0, "practice_hours": 0, "student_work_hours": 0, "control_hours": 0, "total_hours": 0}}, {"model": "schedule_editor.subject", "pk": 73, "fields": {"name": "\u041f\u0430\u043a\u0435\u0442\u044b \u043f\u0440\u0438\u043a\u043b\u0430\u0434\u043d\u044b\u0445 \u043f\u0440\u043e\u0433\u0440\u0430\u043c\u043c", "semester": 2, "lecture_hours": 0, "lab_work_hours": 0, "practice_hours": 0, "student_work_hours": 0, "control_hours": 0, "total_hours": 0}}, {"model": "schedule_editor.subject", "pk": 74, "fields": {"name": "\u041f\u0440\u043e\u0435\u043a\u0442\u0438\u0440\u043e\u0432\u0430\u043d\u0438\u0435 \u0438\u043d\u0444\u043e\u0440\u043c\u0430\u0446\u0438\u043e\u043d\u043d\u044b\u0445 \u0441\u0438\u0441\u0442\u0435\u043c", "semester": 2, "lecture_hours": 0, "lab_work_hours": 0, "practice_hours": 0, "student_work_hours": 0, "control_hours": 0, "total_hours": 0}}, {"model": "schedule_editor.subject", "pk": 75, "fields": {"name": "\u041e\u0441\u043d\u043e\u0432\u044b \u0431\u0435\u0437\u043e\u043f\u0430\u0441\u043d\u043e\u0441\u0442\u0438 \u0438\u043d\u0444\u043e\u0440\u043c\u0430\u0446\u0438\u043e\u043d\u043d\u044b\u0445 \u0442\u0435\u0445\u043d\u043e\u043b\u043e\u0433\u0438\u0439", "semester": 2, "lecture_hours": 0, "lab_work_hours": 0, "practice_hours": 0, "student_work_hours": 0, "control_hours": 0, "total_hours": 0}}, {"model": "schedule_editor.subject", "pk": 76, "fields": {"name": "\u0418\u043d\u043e\u0441\u0442\u0440\u0430\u043d\u043d\u044b\u0439 \u044f\u0437\u044b\u043a \u0432 \u043d\u0430\u0443\u0447\u043d\u043e\u0439 \u0441\u0444\u0435\u0440\u0435", "semester": 11, "lecture_hours": 0, "lab_work_hours": 0, "practice_hours": 0, "student_work_hours": 0, "control_hours": 0, "total_hours": 0}}, {"model": "schedule_editor.subject", "pk": 77, "fields": {"name": "\u0423\u043f\u0440\u0430\u0432\u043b\u0435\u043d\u0438\u0435 \u043f\u0440\u043e\u0433\u0440\u0430\u043c\u043c\u043d\u044b\u043c\u0438 \u043f\u0440\u043e\u0435\u043a\u0442\u0430\u043c\u0438", "semester": 11, "lecture_hours": 0, "lab_work_hours": 0, "practice_hours": 0, "student_work_hours": 0, "control_hours": 0, "total_hours": 0}}, {"model": "schedule_editor.subject", "pk": 78, "fields": {"name": "\u041f\u0440\u043e\u0433\u0440\u0430\u043c\u043c\u0438\u0440\u043e\u0432\u0430\u043d\u0438\u0435 \u043d\u0430 \u044f\u0437\u044b\u043a\u0435 \u041f\u0438\u0442\u043e\u043d", "semester": 11, "lecture_hours": 0, "lab_work_hours": 0, "practice_hours": 0, "student_work_hours": 0, "control_hours": 0, "total_hours": 0}}, {"model": "schedule_editor.subject", "pk": 79, "fields": {"name": "\u0420\u0430\u0437\u0440\u0430\u0431\u043e\u0442\u043a\u0430 java-\u043f\u0440\u0438\u043b\u043e\u0436\u0435\u043d\u0438\u0439", "semester": 11, "lecture_hours": 0, "lab_work_hours": 0, "practice_hours": 0, "student_work_hours": 0, "control_hours": 0, "total_hours": 0}}, {"model": "schedule_editor.subject", "pk": 80, "fields": {"name": "\u041e\u0441\u043d\u043e\u0432\u044b \u043f\u0440\u0435\u043f\u043e\u0434\u0430\u0432\u0430\u043d\u0438\u044f \u0432 \u0432\u044b\u0441\u0448\u0435\u0439 \u0448\u043a\u043e\u043b\u0435", "semester": 11, "lecture_hours": 0, "lab_work_hours": 0, "practice_hours": 0, "student_work_hours": 0, "control_hours": 0, "total_hours": 0}}, {"model": "schedule_editor.subject", "pk": 82, "fields": {"name": "\u041c\u0435\u0442\u043e\u0434\u043e\u043b\u043e\u0433\u0438\u044f \u0438 \u043c\u0435\u0442\u043e\u0434\u044b \u043d\u0430\u0443\u0447\u043d\u043e\u0433\u043e \u0438\u0441\u0441\u043b\u0435\u0434\u043e\u0432\u0430\u043d\u0438\u044f", "semester": 11, "lecture_hours": 0, "lab_work_hours": 0, "practice_hours": 0, "student_work_hours": 0, "control_hours": 0, "total_hours": 0}}, {"model": "schedule_editor.subject", "pk": 83, "fields": {"name": "\u041c\u0430\u0442\u0435\u043c\u0430\u0442\u0438\u0447\u0435\u0441\u043a\u0438\u0435 \u043e\u0441\u043d\u043e\u0432\u044b \u0437\u0430\u0449\u0438\u0442\u044b \u0438\u043d\u0444\u043e\u0440\u043c\u0430\u0446\u0438\u0438", "semester": 11, "lecture_hours": 0, "lab_work_hours": 0, "practice_hours": 0, "student_work_hours": 0, "control_hours": 0, "total_hours": 0}}, {"model": "schedule_editor.subject", "pk": 84, "fields": {"name": "\u0423\u043f\u0440\u0430\u0432\u043b\u0435\u043d\u0438\u0435 \u043f\u0440\u043e\u0433\u0440\u0430\u043c\u043c\u043d\u044b\u043c\u0438 \u043f\u0440\u043e\u0435\u043a\u0442\u0430\u043c\u0438", "semester": 12, "lecture_hours": 0, "lab_work_hours": 0, "practice_hours": 0, "student_work_hours": 0, "control_hours": 0, "total_hours": 0}}, {"model": "schedule_editor.subject", "pk": 85, "fields": {"name": "\u0418\u043d\u043e\u0441\u0442\u0440\u0430\u043d\u043d\u044b\u0439 \u044f\u0437\u044b\u043a \u0432 \u043d\u0430\u0443\u0447\u043d\u043e\u0439 \u0441\u0444\u0435\u0440\u0435", "semester": 12, "lecture_hours": 0, "lab_work_hours": 0, "practice_hours": 0, "student_work_hours": 0, "control_hours": 0, "total_hours": 0}}, {"model": "schedule_editor.subject", "pk": 86, "fields": {"name": "\u0412\u0430\u0440\u0438\u0430\u0446\u0438\u043e\u043d\u043d\u044b\u0435 \u043c\u0435\u0442\u043e\u0434\u044b \u0440\u0435\u0448\u0435\u043d\u0438\u044f \u0434\u0438\u0444\u0444\u0435\u0440\u0435\u043d\u0446\u0438\u0430\u043b\u044c\u043d\u044b\u0445 \u0443\u0440\u0430\u0432\u043d\u0435\u043d\u0438\u0439", "semester": 12, "lecture_hours": 0, "lab_work_hours": 0, "practice_hours": 0, "student_work_hours": 0, "control_hours": 0, "total_hours": 0}}, {"model": "schedule_editor.subject", "pk": 87, "fields": {"name": "\u041e\u0441\u043d\u043e\u0432\u044b \u043f\u0440\u0435\u043f\u043e\u0434\u0430\u0432\u0430\u043d\u0438\u044f \u0432 \u0432\u044b\u0441\u0448\u0435\u0439 \u0448\u043a\u043e\u043b\u0435", "semester": 12, "lecture_hours": 0, "lab_work_hours": 0, "practice_hours": 0, "student_work_hours": 0, "control_hours": 0, "total_hours": 0}}, {"model": "schedule_editor.subject", "pk": 88, "fields": {"name": "\u0427\u0438\u0441\u043b\u0435\u043d\u043d\u044b\u0435 \u043c\u0435\u0442\u043e\u0434\u044b \u0432 \u0437\u0430\u0434\u0430\u0447\u0430\u0445 \u0442\u0435\u043f\u043b\u043e\u043e\u0431\u043c\u0435\u043d\u0430 \u0438 \u0433\u0438\u0434\u0440\u043e\u0434\u0438\u043d\u0430\u043c\u0438\u043a\u0438", "semester": 12, "lecture_hours": 0, "lab_work_hours": 0, "practice_hours": 0, "student_work_hours": 0, "control_hours": 0, "total_hours": 0}}, {"model": "schedule_editor.subject", "pk": 89, "fields": {"name": "\u041c\u0435\u0442\u043e\u0434\u043e\u043b\u043e\u0433\u0438\u044f \u0438 \u043c\u0435\u0442\u043e\u0434\u044b \u043d\u0430\u0443\u0447\u043d\u043e\u0433\u043e \u0438\u0441\u0441\u043b\u0435\u0434\u043e\u0432\u0430\u043d\u0438\u044f", "semester": 12, "lecture_hours": 0, "lab_work_hours": 0, "practice_hours": 0, "student_work_hours": 0, "control_hours": 0, "total_hours": 0}}, {"model": "schedule_editor.subject", "pk": 90, "fields": {"name": "\u041a\u043e\u043c\u043f\u044c\u044e\u0442\u0435\u0440\u043d\u044b\u0435 \u0442\u0435\u0445\u043d\u043e\u043b\u043e\u0433\u0438\u0438 \u0432 \u043d\u0430\u0443\u043a\u0435 \u0438 \u043e\u0431\u0440\u0430\u0437\u043e\u0432\u0430\u043d\u0438\u0438", "semester": 5, "lecture_hours": 0, "lab_work_hours": 0, "practice_hours": 0, "student_work_hours": 0, "control_hours": 0, "total_hours": 0}}, {"model": "schedule_editor.subject", "pk": 91, "fields": {"name": "\u0427\u0438\u0441\u043b\u0435\u043d\u043d\u044b\u0435 \u043c\u0435\u0442\u043e\u0434\u044b \u0434\u043b\u044f \u043c\u043e\u0434\u0435\u043b\u0438\u0440\u043e\u0432\u0430\u043d\u0438\u044f \u0444\u0438\u0437\u0438\u0447\u0435\u0441\u043a\u0438\u0445 \u043f\u0440\u043e\u0446\u0435\u0441\u0441\u043e\u0432", "semester": 5, "lecture_hours": 0, "lab_work_hours": 0, "practice_hours": 0, "student_work_hours": 0, "control_hours": 0, "total_hours": 0}}, {"model": "schedule_editor.subject", "pk": 92, "fields": {"name": "\u041f\u0440\u0438\u043c\u0435\u043d\u0435\u043d\u0438\u0435 \u043e\u0431\u043b\u0430\u0447\u043d\u044b\u0445 \u0440\u0435\u043f\u043e\u0437\u0438\u0442\u043e\u0440\u0438\u0435\u0432", "semester": 5, "lecture_hours": 0, "lab_work_hours": 0, "practice_hours": 0, "student_work_hours": 0, "control_hours": 0, "total_hours": 0}}, {"model": "schedule_editor.subject", "pk": 93, "fields": {"name": "\u0412\u0438\u0437\u0443\u0430\u043b\u0438\u0437\u0430\u0446\u0438\u044f \u0432 \u043d\u0430\u0443\u0447\u043d\u044b\u0445 \u0438\u0441\u0441\u043b\u0435\u0434\u043e\u0432\u0430\u043d\u0438\u044f\u0445", "semester": 5, "lecture_hours": 0, "lab_work_hours": 0, "practice_hours": 0, "student_work_hours": 0, "control_hours": 0, "total_hours": 0}}, {"model": "schedule_editor.subject", "pk": 94, "fields": {"name": "\u041f\u0440\u0438\u043a\u043b\u0430\u0434\u043d\u043e\u0435 \u043f\u0440\u043e\u0433\u0440\u0430\u043c\u043c\u043d\u043e\u0435 \u043e\u0431\u0435\u0441\u043f\u0435\u0447\u0435\u043d\u0438\u0435", "semester": 6, "lecture_hours": 0, "lab_work_hours": 0, "practice_hours": 0, "student_work_hours": 0, "control_hours": 0, "total_hours": 0}}, {"model": "schedule_editor.subject", "pk": 95, "fields": {"name": "\u0412\u0438\u0437\u0443\u0430\u043b\u0438\u0437\u0430\u0446\u0438\u044f \u0432 \u043d\u0430\u0443\u0447\u043d\u044b\u0445 \u0438\u0441\u0441\u043b\u0435\u0434\u043e\u0432\u0430\u043d\u0438\u044f\u0445", "semester": 6, "lecture_hours": 0, "lab_work_hours": 0, "practice_hours": 0, "student_work_hours": 0, "control_hours": 0, "total_hours": 0}}, {"model": "schedule_editor.subject", "pk": 96, "fields": {"name": "\u041f\u0440\u0438\u043c\u0435\u043d\u0435\u043d\u0438\u0435 \u0432\u044b\u0441\u043e\u043a\u043e\u043f\u0440\u043e\u0438\u0437\u0432\u043e\u0434\u0438\u0442\u0435\u043b\u044c\u043d\u044b\u0445 \u0432\u044b\u0447\u0438\u0441\u043b\u0438\u0442\u0435\u043b\u044c\u043d\u044b\u0445 \u043a\u043b\u0430\u0441\u0442\u0435\u0440\u043e\u0432 \u0432 \u043d\u0430\u0443\u0447\u043d\u044b\u0445 \u0438\u0441\u0441\u043b\u0435\u0434\u043e\u0432\u0430\u043d\u0438\u044f\u0445", "semester": 6, "lecture_hours": 0, "lab_work_hours": 0, "practice_hours": 0, "student_work_hours": 0, "control_hours": 0, "total_hours": 0}}, {"model": "schedule_editor.studentgroup", "pk": 1, "fields": {"name": "\u0411-\u0424\u0418\u0418\u0422-17", "year": 2017, "qualification": "BAC", "form": "OC"}}, {"model": "schedule_editor.studentgroup", "pk": 2, "fields": {"name": "\u0411-\u0418\u0412\u0422-17", "year": 2017, "qualification": "BAC", "form": "OC"}}, {"model": "schedule_editor.studentgroup", "pk": 3, "fields": {"name": "\u0411-\u0424\u0418\u0418\u0422-16", "year": 2016, "qualification": "BAC", "form": "OC"}}, {"model": "schedule_editor.studentgroup", "pk": 4, "fields": {"name": "\u0411-\u0418\u0412\u0422-16", "year": 2016, "qualification": "BAC", "form": "OC"}}, {"model": "schedule_editor.studentgroup", "pk": 5, "fields": {"name": "\u0411-\u0424\u0418\u0418\u0422-15", "year": 2015, "qualification": "BAC", "form": "OC"}}, {"model": "schedule_editor.studentgroup", "pk": 6, "fields": {"name": "\u0411-\u0418\u0412\u0422-15", "year": 2015, "qualification": "BAC", "form": "OC"}}, {"model": "schedule_editor.studentgroup", "pk": 7, "fields": {"name": "\u0411-\u0424\u0418\u0418\u0422-14", "year": 2014, "qualification": "BAC", "form": "OC"}}, {"model": "schedule_editor.studentgroup", "pk": 8, "fields": {"name": "\u0411-\u0418\u0412\u0422-14", "year": 2014, "qualification": "BAC", "form": "OC"}}, {"model": "schedule_editor.studentgroup", "pk": 9, "fields": {"name": "\u041c-\u0424\u0418\u0418\u0422-17", "year": 2017, "qualification": "MAG", "form": "OC"}}, {"model": "schedule_editor.studentgroup", "pk": 10, "fields": {"name": "\u041c-\u0418\u0412\u0422-17", "year": 2017, "qualification": "MAG", "form": "OC"}}, {"model": "schedule_editor.studentgroup", "pk": 11, "fields": {"name": "\u041c-\u0424\u0418\u0418\u0422-16", "year": 2016, "qualification": "MAG", "form": "OC"}}, {"model": "schedule_editor.studentgroup", "pk": 12, "fields": {"name": "\u041c-\u0418\u0412\u0422-16", "year": 2016, "qualification": "MAG", "form": "OC"}}, {"model": "schedule_editor.room", "pk": 1, "fields": {"number": "424", "building": "\u041a\u0424\u0415\u041d"}}, {"model": "schedule_editor.room", "pk": 2, "fields": {"number": "426", "building": "\u041a\u0424\u0415\u041d"}}, {"model": "schedule_editor.room", "pk": 3, "fields": {"number": "430", "building": "\u041a\u0424\u0415\u041d"}}, {"model": "schedule_editor.room", "pk": 4, "fields": {"number": "432", "building": "\u041a\u0424\u0415\u041d"}}, {"model": "schedule_editor.room", "pk": 5, "fields": {"number": "436", "building": "\u041a\u0424\u0415\u041d"}}, {"model": "schedule_editor.room", "pk": 6, "fields": {"number": "536", "building": "\u041a\u0424\u0415\u041d"}}, {"model": "schedule_editor.room", "pk": 7, "fields": {"number": "540", "building": "\u041a\u0424\u0415\u041d"}}, {"model": "schedule_editor.semester", "pk": 1, "fields": {"student_group": 8, "year": 2018, "semester": "SPR", "begin_study": "2018-01-26", "end_study": "2018-04-22", "begin_exams": "2018-04-23", "end_exams": "2018-04-30"}}, {"model": "schedule_editor.semester", "pk": 2, "fields": {"student_group": 7, "year": 2018, "semester": "SPR", "begin_study": "2018-02-02", "end_study": "2018-04-23", "begin_exams": "2018-04-24", "end_exams": "2018-04-30"}}, {"model": "schedule_editor.semester", "pk": 3, "fields": {"student_group": 6, "year": 2018, "semester": "SPR", "begin_study": "2018-01-26", "end_study": "2018-05-22", "begin_exams": "2018-05-23", "end_exams": "2018-06-28"}}, {"model": "schedule_editor.semester", "pk": 4, "fields": {"student_group": 5, "year": 2018, "semester": "SPR", "begin_study": "2018-01-26", "end_study": "2018-05-22", "begin_exams": "2018-05-23", "end_exams": "2018-06-28"}}, {"model": "schedule_editor.semester", "pk": 5, "fields": {"student_group": 12, "year": 2018, "semester": "SPR", "begin_study": "2018-02-02", "end_study": "2018-04-09", "begin_exams": "2018-04-10", "end_exams": "2018-04-16"}}, {"model": "schedule_editor.semester", "pk": 6, "fields": {"student_group": 11, "year": 2018, "semester": "SPR", "begin_study": "2018-02-02", "end_study": "2018-04-26", "begin_exams": "2018-04-27", "end_exams": "2018-04-30"}}, {"model": "schedule_editor.semester", "pk": 7, "fields": {"student_group": 4, "year": 2018, "semester": "SPR", "begin_study": "2018-01-26", "end_study": "2018-05-14", "begin_exams": "2018-05-15", "end_exams": "2018-06-14"}}, {"model": "schedule_editor.semester", "pk": 8, "fields": {"student_group": 3, "year": 2018, "semester": "SPR", "begin_study": "2018-01-26", "end_study": "2018-05-22", "begin_exams": "2018-05-23", "end_exams": "2018-06-15"}}, {"model": "schedule_editor.semester", "pk": 9, "fields": {"student_group": 2, "year": 2018, "semester": "SPR", "begin_study": "2018-01-26", "end_study": "2018-06-04", "begin_exams": "2018-06-05", "end_exams": "2018-06-28"}}, {"model": "schedule_editor.semester", "pk": 10, "fields": {"student_group": 1, "year": 2018, "semester": "SPR", "begin_study": "2018-01-27", "end_study": "2018-06-11", "begin_exams": "2018-06-13", "end_exams": "2018-07-05"}}, {"model": "schedule_editor.semester", "pk": 11, "fields": {"student_group": 10, "year": 2018, "semester": "SPR", "begin_study": "2018-01-26", "end_study": "2018-05-22", "begin_exams": "2018-05-23", "end_exams": "2018-06-03"}}, {"model": "schedule_editor.semester", "pk": 12, "fields": {"student_group": 9, "year": 2018, "semester": "SPR", "begin_study": "2018-01-26", "end_study": "2018-05-18", "begin_exams": "2018-05-19", "end_exams": "2018-06-03"}}, {"model": "contenttypes.contenttype", "pk": 1, "fields": {"app_label": "schedule_editor", "model": "subject"}}, {"model": "contenttypes.contenttype", "pk": 2, "fields": {"app_label": "schedule_editor", "model": "studentgroup"}}, {"model": "contenttypes.contenttype", "pk": 3, "fields": {"app_label": "schedule_editor", "model": "room"}}, {"model": "contenttypes.contenttype", "pk": 4, "fields": {"app_label": "schedule_editor", "model": "teacher"}}, {"model": "contenttypes.contenttype", "pk": 5, "fields": {"app_label": "schedule_editor", "model": "semester"}}, {"model": "contenttypes.contenttype", "pk": 6, "fields": {"app_label": "schedule_editor", "model": "subjectclass"}}, {"model": "contenttypes.contenttype", "pk": 7, "fields": {"app_label": "schedule_editor", "model": "event"}}, {"model": "contenttypes.contenttype", "pk": 8, "fields": {"app_label": "admin", "model": "logentry"}}, {"model": "contenttypes.contenttype", "pk": 9, "fields": {"app_label": "auth", "model": "user"}}, {"model": "contenttypes.contenttype", "pk": 10, "fields": {"app_label": "auth", "model": "group"}}, {"model": "contenttypes.contenttype", "pk": 11, "fields": {"app_label": "auth", "model": "permission"}}, {"model": "contenttypes.contenttype", "pk": 12, "fields": {"app_label": "contenttypes", "model": "contenttype"}}, {"model": "contenttypes.contenttype", "pk": 13, "fields": {"app_label": "sessions", "model": "session"}}, {"model": "sessions.session", "pk": "5gf00fx5mi4aqblpuatab62xm0hhllrg", "fields": {"session_data": "MjFmYjQ4ZjBjNmU4OTE4N2YzNDk2YmY2ODJmZTcxNTYyNmY4NjY4YTp7Il9hdXRoX3VzZXJfYmFja2VuZCI6ImRqYW5nby5jb250cmliLmF1dGguYmFja2VuZHMuTW9kZWxCYWNrZW5kIiwiX2F1dGhfdXNlcl9pZCI6IjEiLCJfYXV0aF91c2VyX2hhc2giOiI0MDZkMGI0ZmNhYjhiMGEwNjJiMWZjMGEwMDljMDY0MTg4NzA4Y2UzIn0=", "expire_date": "2018-04-06T05:08:13.740Z"}}, {"model": "sessions.session", "pk": "7mtavppvueff1oxbkhd9x7qaoevpq99w", "fields": {"session_data": "N2Y4Yzc2ZjIxYTVlZWFjYTI5M2M5ZDYwZDhiYzk3MGE3YjQ4YzNlYTp7Il9hdXRoX3VzZXJfaWQiOiIyIiwiX2F1dGhfdXNlcl9iYWNrZW5kIjoiZGphbmdvLmNvbnRyaWIuYXV0aC5iYWNrZW5kcy5Nb2RlbEJhY2tlbmQiLCJfYXV0aF91c2VyX2hhc2giOiI0NTkwYjYzYzVlODQ4NzkzZTJmODI0MGM0ZWQ3ZmY2MTJjYzA5ZGFiIn0=", "expire_date": "2018-04-06T10:42:39.318Z"}}, {"model": "auth.permission", "pk": 1, "fields": {"name": "Can add \u0434\u0438\u0441\u0446\u0438\u043f\u043b\u0438\u043d\u0430", "content_type": 1, "codename": "add_subject"}}, {"model": "auth.permission", "pk": 2, "fields": {"name": "Can change \u0434\u0438\u0441\u0446\u0438\u043f\u043b\u0438\u043d\u0430", "content_type": 1, "codename": "change_subject"}}, {"model": "auth.permission", "pk": 3, "fields": {"name": "Can delete \u0434\u0438\u0441\u0446\u0438\u043f\u043b\u0438\u043d\u0430", "content_type": 1, "codename": "delete_subject"}}, {"model": "auth.permission", "pk": 4, "fields": {"name": "Can add \u0443\u0447\u0435\u0431\u043d\u0430\u044f \u0433\u0440\u0443\u043f\u043f\u0430", "content_type": 2, "codename": "add_studentgroup"}}, {"model": "auth.permission", "pk": 5, "fields": {"name": "Can change \u0443\u0447\u0435\u0431\u043d\u0430\u044f \u0433\u0440\u0443\u043f\u043f\u0430", "content_type": 2, "codename": "change_studentgroup"}}, {"model": "auth.permission", "pk": 6, "fields": {"name": "Can delete \u0443\u0447\u0435\u0431\u043d\u0430\u044f \u0433\u0440\u0443\u043f\u043f\u0430", "content_type": 2, "codename": "delete_studentgroup"}}, {"model": "auth.permission", "pk": 7, "fields": {"name": "Can add \u0430\u0443\u0434\u0438\u0442\u043e\u0440\u0438\u044f", "content_type": 3, "codename": "add_room"}}, {"model": "auth.permission", "pk": 8, "fields": {"name": "Can change \u0430\u0443\u0434\u0438\u0442\u043e\u0440\u0438\u044f", "content_type": 3, "codename": "change_room"}}, {"model": "auth.permission", "pk": 9, "fields": {"name": "Can delete \u0430\u0443\u0434\u0438\u0442\u043e\u0440\u0438\u044f", "content_type": 3, "codename": "delete_room"}}, {"model": "auth.permission", "pk": 10, "fields": {"name": "Can add \u043f\u0440\u0435\u043f\u043e\u0434\u0430\u0432\u0430\u0442\u0435\u043b\u044c", "content_type": 4, "codename": "add_teacher"}}, {"model": "auth.permission", "pk": 11, "fields": {"name": "Can change \u043f\u0440\u0435\u043f\u043e\u0434\u0430\u0432\u0430\u0442\u0435\u043b\u044c", "content_type": 4, "codename": "change_teacher"}}, {"model": "auth.permission", "pk": 12, "fields": {"name": "Can delete \u043f\u0440\u0435\u043f\u043e\u0434\u0430\u0432\u0430\u0442\u0435\u043b\u044c", "content_type": 4, "codename": "delete_teacher"}}, {"model": "auth.permission", "pk": 13, "fields": {"name": "Can add \u0441\u0435\u043c\u0435\u0441\u0442\u0440", "content_type": 5, "codename": "add_semester"}}, {"model": "auth.permission", "pk": 14, "fields": {"name": "Can change \u0441\u0435\u043c\u0435\u0441\u0442\u0440", "content_type": 5, "codename": "change_semester"}}, {"model": "auth.permission", "pk": 15, "fields": {"name": "Can delete \u0441\u0435\u043c\u0435\u0441\u0442\u0440", "content_type": 5, "codename": "delete_semester"}}, {"model": "auth.permission", "pk": 16, "fields": {"name": "Can add \u0437\u0430\u043d\u044f\u0442\u0438\u0435 \u0434\u0438\u0441\u0446\u0438\u043f\u043b\u0438\u043d\u044b", "content_type": 6, "codename": "add_subjectclass"}}, {"model": "auth.permission", "pk": 17, "fields": {"name": "Can change \u0437\u0430\u043d\u044f\u0442\u0438\u0435 \u0434\u0438\u0441\u0446\u0438\u043f\u043b\u0438\u043d\u044b", "content_type": 6, "codename": "change_subjectclass"}}, {"model": "auth.permission", "pk": 18, "fields": {"name": "Can delete \u0437\u0430\u043d\u044f\u0442\u0438\u0435 \u0434\u0438\u0441\u0446\u0438\u043f\u043b\u0438\u043d\u044b", "content_type": 6, "codename": "delete_subjectclass"}}, {"model": "auth.permission", "pk": 19, "fields": {"name": "Can add \u0441\u043e\u0431\u044b\u0442\u0438\u0435", "content_type": 7, "codename": "add_event"}}, {"model": "auth.permission", "pk": 20, "fields": {"name": "Can change \u0441\u043e\u0431\u044b\u0442\u0438\u0435", "content_type": 7, "codename": "change_event"}}, {"model": "auth.permission", "pk": 21, "fields": {"name": "Can delete \u0441\u043e\u0431\u044b\u0442\u0438\u0435", "content_type": 7, "codename": "delete_event"}}, {"model": "auth.permission", "pk": 22, "fields": {"name": "Can add log entry", "content_type": 8, "codename": "add_logentry"}}, {"model": "auth.permission", "pk": 23, "fields": {"name": "Can change log entry", "content_type": 8, "codename": "change_logentry"}}, {"model": "auth.permission", "pk": 24, "fields": {"name": "Can delete log entry", "content_type": 8, "codename": "delete_logentry"}}, {"model": "auth.permission", "pk": 25, "fields": {"name": "Can add user", "content_type": 9, "codename": "add_user"}}, {"model": "auth.permission", "pk": 26, "fields": {"name": "Can change user", "content_type": 9, "codename": "change_user"}}, {"model": "auth.permission", "pk": 27, "fields": {"name": "Can delete user", "content_type": 9, "codename": "delete_user"}}, {"model": "auth.permission", "pk": 28, "fields": {"name": "Can add group", "content_type": 10, "codename": "add_group"}}, {"model": "auth.permission", "pk": 29, "fields": {"name": "Can change group", "content_type": 10, "codename": "change_group"}}, {"model": "auth.permission", "pk": 30, "fields": {"name": "Can delete group", "content_type": 10, "codename": "delete_group"}}, {"model": "auth.permission", "pk": 31, "fields": {"name": "Can add permission", "content_type": 11, "codename": "add_permission"}}, {"model": "auth.permission", "pk": 32, "fields": {"name": "Can change permission", "content_type": 11, "codename": "change_permission"}}, {"model": "auth.permission", "pk": 33, "fields": {"name": "Can delete permission", "content_type": 11, "codename": "delete_permission"}}, {"model": "auth.permission", "pk": 34, "fields": {"name": "Can add content type", "content_type": 12, "codename": "add_contenttype"}}, {"model": "auth.permission", "pk": 35, "fields": {"name": "Can change content type", "content_type": 12, "codename": "change_contenttype"}}, {"model": "auth.permission", "pk": 36, "fields": {"name": "Can delete content type", "content_type": 12, "codename": "delete_contenttype"}}, {"model": "auth.permission", "pk": 37, "fields": {"name": "Can add session", "content_type": 13, "codename": "add_session"}}, {"model": "auth.permission", "pk": 38, "fields": {"name": "Can change session", "content_type": 13, "codename": "change_session"}}, {"model": "auth.permission", "pk": 39, "fields": {"name": "Can delete session", "content_type": 13, "codename": "delete_session"}}, {"model": "auth.user", "pk": 1, "fields": {"password": "pbkdf2_sha256$100000$qpzcDaLThPUg$Z0kG0WUbT7C1NFYFX4oyUMhMO9QJXd2ztCfHr6UDH5M=", "last_login": "2018-03-23T05:08:13.733Z", "is_superuser": true, "username": "admin", "first_name": "", "last_name": "", "email": "admin@localhost", "is_staff": true, "is_active": true, "date_joined": "2018-03-13T14:15:16.857Z", "groups": [], "user_permissions": []}}, {"model": "auth.user", "pk": 2, "fields": {"password": "pbkdf2_sha256$100000$Al9RIqO2iDly$hi1TLNuJDB1oj7K4TzRHiwrWbFwAgNRKMLOzJmKgXL4=", "last_login": "2018-03-23T10:42:39.180Z", "is_superuser": true, "username": "admin1", "first_name": "", "last_name": "", "email": "lol@lol.lol", "is_staff": true, "is_active": true, "date_joined": "2018-03-23T10:42:30.599Z", "groups": [], "user_permissions": []}}, {"model": "schedule_editor.teacher", "pk": 1, "fields": {"last_name": "\u041b\u0435\u0432\u0435\u0440\u044c\u0435\u0432", "first_name": "\u0412\u043b\u0430\u0434\u0438\u043c\u0438\u0440", "second_name": "\u0421\u0435\u043c\u0435\u043d\u043e\u0432\u0438\u0447", "user": null}}, {"model": "schedule_editor.teacher", "pk": 2, "fields": {"last_name": "\u041f\u0430\u0432\u043b\u043e\u0432", "first_name": "\u0410\u043b\u0435\u043a\u0441\u0430\u043d\u0434\u0440", "second_name": "\u0412\u0438\u043a\u0442\u043e\u0440\u043e\u0432\u0438\u0447", "user": null}}, {"model": "schedule_editor.teacher", "pk": 3, "fields": {"last_name": "\u041c\u043e\u0440\u0434\u043e\u0432\u0441\u043a\u043e\u0439", "first_name": "\u0421\u0435\u0440\u0433\u0435\u0439", "second_name": "\u0414\u0435\u043d\u0438\u0441\u043e\u0432\u0438\u0447", "user": null}}, {"model": "schedule_editor.teacher", "pk": 4, "fields": {"last_name": "\u041f\u0430\u0432\u043b\u043e\u0432", "first_name": "\u041d\u0438\u043a\u0438\u0444\u043e\u0440", "second_name": "\u041d\u0438\u043a\u0438\u0442\u0438\u0447", "user": null}}, {"model": "schedule_editor.teacher", "pk": 5, "fields": {"last_name": "\u0421\u0430\u0432\u0432\u0438\u043d\u043e\u0432\u0430", "first_name": "\u0414\u0438\u043d\u0430", "second_name": "\u041f\u0435\u0442\u0440\u043e\u0432\u043d\u0430", "user": null}}, {"model": "schedule_editor.teacher", "pk": 6, "fields": {"last_name": "\u041f\u0435\u0442\u0440\u043e\u0432\u0430", "first_name": "\u0415\u0432\u0433\u0435\u043d\u0438\u044f", "second_name": "\u0410\u043d\u0430\u0442\u043e\u043b\u044c\u0435\u0432\u043d\u0430", "user": null}}, {"model": "schedule_editor.teacher", "pk": 7, "fields": {"last_name": "\u041f\u043e\u043b\u0443\u044f\u043d\u043e\u0432\u0430", "first_name": "\u0412\u0430\u043b\u0435\u043d\u0442\u0438\u043d\u0430", "second_name": "\u0410\u043b\u0435\u043a\u0441\u0430\u043d\u0434\u0440\u043e\u0432\u043d\u0430", "user": null}}, {"model": "schedule_editor.teacher", "pk": 8, "fields": {"last_name": "\u041a\u044b\u043b\u0430\u0442\u0447\u0430\u043d\u043e\u0432", "first_name": "\u0420\u043e\u043c\u0430\u043d", "second_name": "\u041c\u0438\u0445\u0430\u0439\u043b\u043e\u0432\u0438\u0447", "user": null}}, {"model": "schedule_editor.teacher", "pk": 9, "fields": {"last_name": "\u0421\u0442\u0440\u0443\u0447\u043a\u043e\u0432", "first_name": "\u0410\u043b\u0435\u043a\u0441\u0430\u043d\u0434\u0440", "second_name": "", "user": null}}, {"model": "schedule_editor.teacher", "pk": 10, "fields": {"last_name": "\u042d\u0432\u0435\u0440\u0441\u0442\u043e\u0432", "first_name": "\u0412\u043b\u0430\u0434\u0438\u043c\u0438\u0440", "second_name": "\u0412\u0430\u0441\u0438\u043b\u044c\u0435\u0432\u0438\u0447", "user": null}}, {"model": "schedule_editor.teacher", "pk": 11, "fields": {"last_name": "\u041c\u0438\u0445\u0430\u0439\u043b\u043e\u0432\u0430", "first_name": "\u041c\u0430\u0440\u0438\u044f", "second_name": "\u0421\u0442\u0435\u043f\u0430\u043d\u043e\u0432\u043d\u0430", "user": null}}, {"model": "schedule_editor.teacher", "pk": 12, "fields": {"last_name": "\u0412\u0430\u0441\u0438\u043b\u044c\u0435\u0432\u0430", "first_name": "\u041d\u0430\u0442\u0430\u043b\u044c\u044f", "second_name": "\u0412\u0430\u0441\u0438\u043b\u044c\u0435\u0432\u043d\u0430", "user": null}}]